Country of Origin,1965,1966,1967,1968,1969,1970,1971,1972,1973,1974,1975,1976,1977,1978,1979,1980,1981,1982,1983,1984,1985,1986,1987,1988,1989,1990,1991,1992,1993,1994,1995,1996,1997,1998,1999,2000,2001,2002,2003,2004,2005,2006,2007,2008,2009,2010,2011,2012,2013,2014,2015,Region
Afghanistan,0,0,0,0,0,0,0,0,0,0,0,0,0,0,0,0,0,0,0,0,0,0,0,0,0,0,0,0,0,0,0,1,0,0,0,0,0,0,0,0,1,0,0,0,1,1,0,1,0,0,0,Asia
Albania,0,0,0,0,0,0,0,0,0,0,0,0,0,0,0,0,0,0,0,0,0,0,0,0,0,1,1,1,0,0,0,0,0,2,0,0,0,0,0,0,1,0,0,0,1,0,0,0,0,1,1,Europe
Algeria,0,1,0,0,2,0,1,0,0,0,1,1,1,1,0,0,0,0,0,0,0,1,1,1,0,0,0,0,0,0,0,0,1,1,0,1,2,1,0,0,3,3,2,0,0,0,0,2,2,1,2,Africa
Andorra,0,0,0,0,0,0,0,0,0,0,0,0,0,0,0,0,0,0,0,0,0,0,0,1,0,0,0,0,0,1,0,3,0,1,0,1,2,3,3,1,2,2,5,4,0,2,5,4,5,3,2,Europe
Angola,0,0,0,0,0,0,0,0,0,0,0,0,0,0,0,0,0,0,0,0,0,0,0,0,0,0,0,0,0,0,0,0,0,0,0,0,0,0,0,0,0,0,0,0,0,0,2,1,0,2,1,Africa
Anguilla,0,0,0,0,0,0,0,0,0,0,0,0,0,0,0,0,0,0,1,0,0,0,0,0,0,0,0,0,0,0,0,0,2,0,1,0,0,1,0,0,0,0,0,0,3,0,0,0,0,1,0,Caribbean
Antigua And Barbuda,0,0,0,0,0,0,0,0,0,0,0,0,0,0,0,0,1,0,0,0,0,0,0,0,0,0,0,4,1,2,4,0,1,0,0,0,0,0,0,1,2,2,0,0,1,4,0,2,1,0,1,Caribbean
Argentina,53,40,35,45,41,52,49,54,44,50,44,52,51,61,62,56,55,35,35,40,39,56,42,32,32,56,59,59,56,75,65,78,77,119,96,137,137,95,125,103,94,117,150,138,146,134,156,141,160,126,159,South America
Armenia,0,0,0,0,0,0,0,0,0,0,0,0,0,0,0,0,0,0,0,0,0,0,0,0,0,0,0,1,0,0,1,0,1,1,0,4,2,1,0,0,3,8,5,6,3,9,8,10,16,18,18,Asia
Aruba,0,0,0,0,0,0,0,0,0,0,0,0,0,0,0,0,0,0,0,0,0,0,0,0,0,0,0,0,0,0,3,1,0,0,0,1,0,0,0,0,1,0,0,0,1,0,2,0,0,1,0,North America
Australia,224,220,263,313,308,293,324,389,442,442,415,470,424,528,579,517,597,630,603,696,739,809,842,750,800,811,783,863,781,921,1007,1057,1006,1420,1462,1800,1995,2160,2310,3000,2919,2928,3412,3976,3699,3739,3767,3603,3676,3516,3655,Oceania
Austria,229,232,273,286,337,333,369,359,398,413,370,401,402,432,447,410,449,418,421,447,498,557,504,485,511,560,516,566,526,599,619,543,552,710,823,881,961,1115,933,1022,1044,1214,1438,1418,1564,1661,1849,2008,2167,2402,2504,Europe
Azerbaijan,0,0,0,0,0,0,0,0,0,0,0,0,0,0,0,0,0,0,0,0,0,0,0,0,0,0,0,0,0,3,1,1,0,2,1,1,2,0,0,2,3,3,2,0,2,5,1,1,4,1,1,Asia
Bahamas,0,0,0,0,0,0,0,15,11,13,0,12,17,13,10,7,4,9,8,4,3,3,4,10,2,7,2,6,11,8,15,9,14,20,15,18,16,20,23,21,15,13,9,18,20,7,8,15,8,8,9,Caribbean
Bahrain,0,0,0,0,0,0,0,0,0,0,0,0,0,0,1,0,0,1,0,0,0,0,0,0,0,0,0,0,0,0,1,0,1,1,2,0,0,0,1,1,0,1,1,0,3,4,2,5,7,7,4,Middle East
Bangladesh,0,0,0,0,0,0,0,0,0,0,0,0,0,0,0,0,0,0,0,0,0,0,0,0,0,0,0,0,0,0,0,0,0,0,0,1,0,1,1,0,1,0,1,0,1,3,4,3,9,8,16,Asia
Barbados,0,0,0,0,0,0,0,0,0,0,0,0,0,0,1,0,0,0,2,0,0,0,0,2,0,1,0,0,0,1,1,1,2,1,1,1,4,2,0,10,6,3,1,4,7,6,2,2,8,5,4,Caribbean
Belarus,0,0,0,0,0,0,0,0,0,0,0,0,0,0,0,0,0,0,0,0,0,0,0,0,0,0,0,4,8,5,7,9,3,5,10,7,10,5,8,11,4,15,14,12,6,11,6,13,14,16,22,Europe
Belgium,286,303,319,384,377,330,387,404,445,408,445,398,387,408,373,388,391,356,390,428,450,523,518,545,572,592,614,692,685,862,1001,930,894,1059,1204,1245,1286,1293,1395,1309,1460,1546,1766,1609,1846,2084,2115,2211,2401,2513,2376,Europe
Belize,0,0,0,0,0,0,0,0,0,0,0,0,0,0,0,0,0,0,0,0,0,0,0,0,1,0,0,0,0,0,0,0,0,0,0,0,0,0,0,0,0,0,1,4,0,0,0,0,0,0,1,North America
Benin,0,0,0,0,0,0,0,0,0,0,0,0,0,0,0,0,0,0,0,0,0,0,0,0,0,0,0,0,0,0,0,0,0,0,0,0,0,0,0,0,1,0,0,1,0,0,0,0,0,0,0,Africa
Bermuda,2,0,0,2,1,1,2,1,0,2,5,0,3,1,4,2,1,1,4,7,3,7,6,3,3,2,2,2,1,3,4,4,1,5,8,14,9,8,7,2,8,6,4,11,3,5,16,3,3,3,12,Caribbean
Bolivia,1,2,1,1,1,1,0,0,1,6,3,6,6,3,2,2,1,1,1,2,2,2,0,0,0,0,0,0,0,1,2,1,1,2,2,0,0,1,1,1,3,2,1,5,2,2,1,3,3,1,2,South America
"Bonaire, Sint Eustatius, And Saba",0,0,0,0,0,0,0,0,0,0,0,0,0,0,0,0,0,0,0,0,0,0,0,0,0,0,0,0,0,0,0,0,0,0,0,0,0,0,0,0,0,0,0,0,0,0,1,0,0,1,0,North America
Bosnia And Herzegovina,0,0,0,0,0,0,0,0,0,0,0,0,0,0,0,0,0,0,0,0,0,0,0,0,0,0,0,0,0,0,0,0,0,1,1,1,0,0,0,2,1,0,3,3,0,1,2,0,2,2,4,Europe
Botswana,0,0,0,0,0,0,0,0,0,0,0,0,0,0,0,0,0,0,0,0,0,0,0,0,0,0,0,0,0,0,0,0,0,0,0,0,0,0,0,0,0,0,0,0,0,0,0,1,1,0,0,Africa
Brazil,33,35,30,29,22,30,51,46,43,44,64,51,51,72,72,53,66,70,57,62,78,68,62,71,111,88,124,112,105,156,115,145,134,165,186,220,219,243,259,287,295,341,375,442,464,568,586,679,769,810,855,South America
British West Indies,2,2,6,3,9,14,1,16,0,0,20,0,0,0,0,0,0,0,0,0,0,0,0,0,0,0,0,0,0,0,0,0,0,0,0,0,0,0,0,0,0,0,0,0,0,0,0,0,0,0,0,North America
British Virgin Islands,0,0,0,0,0,0,0,0,0,0,0,0,0,0,0,0,1,1,0,1,1,0,0,0,1,0,0,1,1,1,0,2,1,3,2,4,8,6,11,12,6,7,10,9,4,5,0,6,2,7,2,Caribbean
Brunei,0,0,0,0,0,0,0,0,0,0,0,0,0,0,0,0,1,0,0,1,0,0,0,0,2,0,0,0,0,0,0,0,0,1,0,0,1,2,0,0,0,0,1,0,2,0,0,0,2,5,2,Asia
Bulgaria,7,7,11,10,27,16,20,28,35,37,51,70,40,48,36,40,30,37,39,22,40,41,32,42,30,31,11,7,3,4,6,5,4,3,11,18,13,8,10,105,58,47,55,99,104,90,66,71,90,82,74,Europe
Burkina Faso,0,0,0,0,0,0,0,0,0,0,0,0,0,0,0,0,0,0,0,0,0,0,0,0,0,0,0,0,0,0,0,0,0,0,0,0,0,0,0,0,0,0,1,0,0,0,0,0,0,0,0,Africa
Burma,0,0,0,0,0,0,0,0,0,0,1,2,1,1,0,0,0,0,0,0,1,0,1,0,1,1,0,0,0,0,0,0,0,0,0,0,0,0,0,0,0,0,0,0,0,0,0,0,0,0,0,Asia
Burundi,0,0,0,0,0,0,0,0,0,0,0,0,0,0,0,0,0,0,0,0,0,0,0,0,0,0,0,0,0,0,0,0,0,0,0,0,0,0,0,0,0,0,0,1,0,0,0,0,0,0,0,Africa
Cambodia,0,0,0,0,0,0,0,0,0,0,0,0,0,0,0,0,0,0,0,0,0,0,0,0,0,0,0,0,0,0,0,0,0,0,0,0,0,0,0,0,0,0,0,0,0,0,0,0,0,1,2,Asia
Cameroon,0,0,0,0,1,0,0,0,0,0,0,0,0,0,0,0,0,0,0,0,0,0,0,0,0,0,0,0,0,0,0,0,0,0,0,0,0,0,0,1,1,3,2,2,12,3,1,4,0,9,1,Africa
Canada,1695,1323,1456,1558,1707,1843,2025,1966,2095,2191,2127,2237,2192,2050,2061,1969,2202,2138,1995,2273,2270,2438,2791,3046,3425,3511,3641,3761,3910,4255,4745,4443,4694,5689,6149,6809,7221,7375,7750,8202,8638,9652,10421,10307,10309,11685,11975,13560,13675,12963,13201,North America
Cayman Islands,0,0,0,0,0,0,0,0,0,0,0,0,0,0,0,0,0,1,0,0,0,2,1,3,1,3,2,1,1,0,5,11,5,1,7,1,4,3,4,2,3,3,2,5,13,22,13,11,29,19,25,Caribbean
Ceylon,0,1,0,0,0,0,0,0,0,2,2,0,0,0,0,0,0,0,0,0,0,0,0,0,0,0,0,0,0,0,0,0,0,0,0,0,0,0,0,0,0,0,0,0,0,0,0,0,0,0,0,Asia
Central America,2,0,0,0,0,0,0,0,0,0,0,0,0,0,0,0,0,0,0,0,0,0,0,0,0,0,0,0,0,0,0,0,0,0,0,0,0,0,0,0,0,0,0,0,0,0,0,0,0,0,0,North America
Chad,0,0,0,0,0,0,0,0,0,0,0,0,0,0,0,0,0,0,0,0,0,0,0,0,0,0,0,0,0,0,0,0,0,0,0,0,0,0,0,0,0,1,0,0,0,0,1,0,0,1,1,Africa
Chile,5,13,7,6,10,6,9,4,6,10,5,7,7,8,7,8,11,6,3,11,7,16,2,4,11,13,12,12,11,11,10,23,17,17,16,24,23,38,33,51,55,76,68,75,66,85,111,109,133,166,113,South America
"China, Hong Kong Sar",9,15,7,0,24,23,25,13,25,33,38,33,56,45,39,56,38,55,44,46,56,66,82,86,108,86,132,150,155,219,163,222,207,274,403,473,626,681,729,815,816,889,1053,1027,885,995,1053,1070,1166,1253,1230,Asia
"China, Macau Sar",0,0,0,0,0,0,0,0,0,0,0,0,0,0,0,0,0,0,0,0,0,0,0,0,0,0,0,0,2,2,1,0,1,0,1,0,4,3,6,3,4,1,2,5,5,11,17,11,23,37,71,Asia
"China, People'S Republic Of",0,0,0,0,0,0,0,0,0,0,0,9,9,6,15,7,10,5,12,18,24,112,83,122,112,111,126,129,135,100,144,142,117,181,257,469,626,888,1034,1655,2127,3768,3903,4455,6879,8162,10545,13273,15093,18040,21386,Asia
"China, Republic Of",0,0,0,0,0,0,0,0,0,0,12,0,0,0,0,0,0,0,0,0,0,0,0,0,0,0,0,0,0,0,0,0,0,0,0,0,0,0,0,0,0,0,0,0,0,0,0,0,0,0,0,Asia
Cocos Islands,0,0,0,0,0,0,0,0,0,0,0,0,0,0,0,0,0,0,0,0,0,0,0,1,0,0,0,0,0,0,0,0,0,0,0,0,0,0,0,0,0,0,0,0,0,0,0,0,0,0,0,Asia
Colombia,5,6,6,1,9,4,0,10,4,14,10,15,19,6,6,9,6,10,6,4,6,5,6,3,5,10,5,13,3,18,19,10,6,12,20,21,29,16,20,20,11,21,23,34,24,45,54,45,69,85,86,South America
Comoros,0,0,0,0,0,0,0,0,0,0,0,0,0,0,0,0,0,0,0,0,0,0,0,0,0,0,1,0,0,0,0,0,0,0,0,0,0,0,0,0,0,0,0,0,0,0,0,0,0,0,0,Africa
Congo,0,0,0,0,0,0,0,0,0,55,11,0,2,0,1,0,0,0,0,0,0,0,0,0,0,0,0,0,0,0,0,0,0,0,0,0,0,0,0,0,0,0,0,0,0,0,0,0,0,0,0,Africa
Congo (Brazzaville),0,1,0,0,1,0,0,0,0,0,0,0,0,0,0,0,0,0,0,0,0,0,0,0,0,0,0,0,0,0,0,0,0,0,0,0,0,0,0,0,0,0,0,0,0,0,0,0,0,0,0,Africa
Cook Islands,0,0,0,0,0,0,0,0,0,0,0,0,0,0,0,0,0,0,0,0,0,0,0,0,0,0,0,0,0,1,0,0,0,0,0,0,0,0,0,0,0,0,0,0,0,0,0,0,0,0,0,Oceania
Costa Rica,1,1,2,1,2,0,0,2,1,2,1,2,6,0,7,6,0,2,2,2,5,0,1,3,1,4,2,1,8,12,7,4,6,13,8,16,3,8,11,9,32,17,20,13,25,24,17,19,27,28,34,North America
Croatia,0,0,0,0,0,0,0,0,0,0,0,0,0,0,0,0,0,0,0,0,0,0,0,0,0,0,0,0,6,9,15,16,20,20,12,21,21,16,24,38,32,34,40,38,33,29,36,43,27,27,34,Europe
Cuba,0,0,2,0,1,2,0,0,0,2,5,1,3,4,3,2,1,2,1,1,3,2,1,2,0,1,5,6,4,2,3,5,4,6,9,15,13,7,6,12,13,14,15,39,30,17,24,14,23,19,18,Caribbean
Curacao,0,0,0,0,0,0,0,0,0,0,0,0,0,0,0,0,0,0,0,0,0,0,0,0,0,0,0,0,0,0,0,0,0,0,0,0,0,0,0,0,0,0,0,0,0,0,1,1,1,0,0,North America
Cyprus,1,0,0,0,0,0,0,0,0,0,0,2,1,1,1,1,0,1,0,1,1,0,4,3,3,0,2,6,2,1,1,0,3,0,3,7,4,3,10,9,11,13,6,9,14,16,14,15,20,16,22,Asia
Czech Republic,0,0,0,0,0,0,0,0,0,0,0,0,0,0,0,0,0,0,0,0,0,0,0,0,0,0,0,0,1,15,14,17,30,34,30,52,77,58,61,69,81,115,133,190,236,288,271,388,403,469,474,Europe
Czechoslovakia,186,180,160,174,218,134,166,169,167,173,142,136,92,88,80,90,82,77,74,84,68,63,50,72,71,39,32,41,26,13,22,13,10,19,16,0,0,0,0,0,0,0,0,0,0,0,0,0,0,0,0,Europe
Denmark,165,172,168,195,221,211,275,241,251,250,242,219,250,287,223,217,243,277,280,278,282,302,316,337,284,370,358,378,376,445,618,496,634,748,863,859,1113,1065,1002,923,997,1165,1284,1439,1703,1773,1974,2059,2100,2216,2290,Europe
Dominica,0,0,0,0,0,0,0,0,0,0,0,0,0,0,0,0,0,0,0,0,0,0,0,0,0,0,0,0,0,0,0,0,0,0,1,1,0,0,0,0,0,0,0,0,0,0,0,0,0,0,0,Caribbean
Dominican Republic,0,0,0,0,0,0,0,0,1,1,1,2,0,1,2,3,1,2,0,2,1,3,4,1,1,1,1,1,1,2,3,1,3,4,0,3,1,4,5,5,5,6,9,2,7,5,6,5,9,7,3,Caribbean
Ecuador,0,1,0,0,1,0,0,3,4,3,2,2,4,4,0,2,1,0,1,1,3,1,2,1,3,4,2,1,6,0,2,3,5,4,4,6,5,8,11,5,6,10,6,4,5,6,8,10,7,6,7,South America
Egypt,0,0,0,0,0,0,1,6,2,6,3,0,2,5,5,3,4,3,0,3,2,3,4,2,4,3,4,10,4,6,2,2,10,11,16,20,16,11,12,19,19,20,30,54,36,48,63,62,80,79,77,Africa
El Salvador (4),0,0,5,0,3,0,0,0,1,4,3,4,4,2,0,1,0,1,1,2,1,1,1,0,0,0,0,0,0,0,2,0,1,0,1,2,3,1,0,1,0,0,2,1,1,0,3,0,2,1,3,North America
Eritrea,0,0,0,0,0,0,0,0,0,0,0,0,0,0,0,0,0,0,0,0,0,0,0,0,0,0,0,0,0,0,0,0,0,0,0,0,0,0,0,0,0,0,0,0,0,0,0,0,0,0,2,Africa
Estonia,0,0,0,0,0,0,0,0,0,0,0,0,0,0,0,0,0,0,0,0,0,0,0,0,0,0,0,0,2,2,0,0,2,3,6,4,10,6,7,9,17,13,26,24,43,54,50,80,77,61,62,Europe
Ethiopia,0,1,0,0,2,1,0,0,0,0,0,0,0,0,0,0,0,0,0,0,0,0,0,0,0,0,0,0,0,0,0,1,0,0,0,0,0,0,0,1,0,1,1,0,0,1,0,1,0,0,0,Africa
Faroe Islands,0,0,0,0,0,0,0,0,0,0,0,0,0,0,0,0,0,0,0,0,0,0,0,0,0,0,0,0,0,0,0,0,0,0,0,0,0,0,0,0,0,1,0,0,0,1,0,1,0,2,1,Europe
European Patent Office (5),0,0,0,0,0,0,0,0,0,0,0,0,0,0,0,0,1,0,2,1,0,2,0,0,0,0,0,0,0,0,0,0,0,0,0,0,0,0,0,0,0,0,0,0,0,0,0,0,0,0,0,Europe
Falkland Islands,0,0,0,0,0,0,0,0,0,0,0,0,0,0,0,0,0,0,0,0,0,0,0,0,0,0,0,1,0,0,0,0,0,0,0,0,0,0,0,0,0,0,0,0,0,0,0,0,0,0,0,South America
Fiji,0,0,0,0,0,0,0,0,0,0,0,0,0,0,0,0,0,0,0,0,0,0,0,0,0,0,0,0,0,0,0,0,1,1,3,0,3,1,0,1,0,0,0,0,1,0,0,0,0,0,0,Oceania
Finland,44,52,73,94,103,125,154,159,176,178,173,184,203,228,231,258,275,300,346,363,399,350,430,417,513,595,592,576,568,707,745,836,891,970,1376,1530,1840,1811,1935,2096,2032,2383,2444,2621,2610,2772,2551,2760,2869,3102,3219,Europe
France,2238,2174,2385,2522,2821,2625,2987,3122,3197,3157,3048,3005,3007,3257,3127,3331,3237,3336,3213,3507,3605,3884,3837,4301,4268,4771,4723,4828,4320,4528,5001,4486,4759,5249,6216,6623,6852,6825,6603,6813,6972,7176,8046,8561,9331,10357,10563,11047,11462,11947,12327,Europe
French Guiana,0,0,0,0,0,0,0,0,0,0,0,0,0,0,0,0,0,0,0,0,0,0,0,0,0,0,0,0,0,1,0,0,0,0,0,0,0,0,0,0,0,0,0,0,0,0,0,0,0,0,0,South America
French Polynesia,0,0,0,0,0,0,0,0,0,0,0,0,0,0,0,0,0,0,0,0,0,0,0,0,0,0,0,0,0,0,0,1,0,0,0,2,0,0,0,1,0,0,0,0,0,1,0,0,0,0,1,Oceania
Gabon,0,0,0,0,0,0,0,0,0,0,0,0,0,0,0,0,0,1,3,0,0,0,0,0,0,0,1,0,0,1,0,0,0,0,0,0,0,0,0,0,0,0,0,0,0,0,0,1,0,0,1,Africa
Georgia,0,0,0,0,0,0,0,0,0,0,0,0,0,0,0,0,0,0,0,0,0,0,0,0,0,0,0,0,0,2,6,3,0,2,1,1,6,3,5,7,8,12,12,3,4,4,6,5,1,7,3,Asia
"Germany, East",0,0,0,0,0,0,0,18,0,0,13,26,39,41,134,96,96,107,58,74,80,77,47,61,51,31,0,0,0,0,0,0,0,0,0,0,0,0,0,0,0,0,0,0,0,0,0,0,0,0,0,Europe
"Germany, West",5728,5504,5734,6455,7405,7798,7772,7782,8603,8897,8258,8343,8903,9262,9261,9669,9924,10002,8901,9755,10452,10648,10783,10957,11386,11261,0,0,0,0,0,0,0,0,0,0,0,0,0,0,0,0,0,0,0,0,0,0,0,0,0,Europe
Germany,0,0,0,0,0,0,0,0,0,0,0,0,0,0,0,0,0,0,0,0,0,0,0,0,0,0,10874,11652,10500,11324,11853,11550,12333,13885,16978,17715,19900,20418,18890,19824,20664,22369,23608,25202,25163,27702,27935,29195,30551,30193,30016,Europe
Ghana,0,0,0,0,0,0,0,0,0,0,0,0,0,0,0,0,0,0,0,0,0,0,0,0,0,0,0,0,1,0,0,0,2,0,1,0,1,0,0,1,4,1,3,1,3,1,0,2,2,4,0,Africa
Gibraltar,0,0,0,0,0,0,0,0,0,0,0,0,0,0,0,0,0,0,0,0,0,0,0,0,0,0,0,0,0,0,0,0,0,0,0,0,0,1,0,6,9,6,3,4,6,7,6,8,5,17,11,Europe
Greece,14,14,9,19,17,16,15,20,24,19,31,16,21,22,13,22,22,21,11,20,15,21,21,29,33,27,20,28,19,27,29,23,30,45,50,44,49,58,50,62,68,75,104,105,127,133,136,157,146,174,217,Europe
Greenland,0,0,0,0,0,0,0,0,0,0,0,0,0,0,0,0,0,0,0,1,0,0,0,0,0,0,0,0,0,0,0,0,0,0,0,0,0,0,0,0,0,0,0,0,0,0,1,0,0,0,0,Europe
Grenada,0,0,0,0,0,0,0,0,0,0,0,0,0,0,0,0,0,0,0,1,0,0,0,0,0,0,0,0,0,0,0,0,0,0,0,0,0,0,1,0,0,0,0,0,0,0,0,0,0,0,0,Caribbean
Guadeloupe,0,0,0,0,0,0,0,0,0,0,0,0,0,0,0,0,0,0,0,0,0,0,0,0,0,0,0,0,0,0,0,0,0,0,0,0,0,0,0,0,0,0,0,0,0,0,0,0,2,0,0,Caribbean
Guatemala,5,1,1,0,2,2,1,1,2,4,3,6,3,2,4,2,3,4,0,1,2,2,3,2,2,2,1,3,1,3,4,3,2,1,2,2,5,2,1,1,2,2,2,1,4,5,1,4,3,1,4,North America
Guernsey,0,0,0,0,0,0,0,0,0,0,0,0,0,0,0,0,0,0,0,0,0,0,0,0,0,0,0,0,0,0,0,0,0,0,0,0,0,0,0,0,0,0,0,0,0,0,5,4,3,2,2,Europe
Guinea,0,0,0,0,0,0,0,0,0,0,0,1,0,0,0,0,0,1,0,1,0,0,0,0,0,0,0,1,0,0,0,0,1,0,0,0,0,0,0,0,0,0,0,0,1,0,0,1,0,0,0,Africa
Guyana,0,0,0,0,0,0,0,0,0,0,0,0,0,0,0,0,0,0,0,0,0,0,0,0,0,1,1,0,0,0,0,0,0,0,0,0,1,0,0,0,0,0,0,0,0,0,0,0,0,0,1,South America
Haiti,0,2,2,1,1,0,0,0,0,1,2,1,3,3,2,0,2,2,0,1,2,2,2,1,0,0,2,0,1,1,1,0,2,0,1,1,0,1,0,0,0,0,1,0,0,1,0,0,0,0,0,Caribbean
Honduras,0,4,0,0,0,2,0,0,0,3,1,3,0,0,1,0,1,2,0,0,1,0,1,3,0,0,1,0,1,0,1,5,1,1,4,1,0,0,0,2,2,1,1,1,5,1,0,0,1,0,2,North America
Hungary,37,48,66,54,70,80,88,103,113,108,144,133,132,136,175,194,212,225,210,207,208,209,174,172,174,138,103,76,69,76,70,59,40,73,120,107,103,128,118,144,131,143,193,198,250,246,235,280,273,321,311,Europe
Iceland,1,7,2,0,4,2,0,0,1,8,2,7,5,14,4,2,4,5,7,6,1,5,6,2,3,3,10,16,3,6,6,13,8,25,31,30,51,41,56,51,53,48,46,39,47,52,63,75,78,94,91,Europe
India,10,25,32,13,30,21,22,21,24,43,32,39,27,24,25,23,22,20,15,30,25,36,26,41,50,58,51,64,54,70,91,115,137,180,271,438,643,919,1164,1303,1463,1923,2387,2879,3110,3789,4548,5663,6600,7127,7976,Asia
Indonesia,1,1,0,0,3,0,1,1,1,13,5,6,6,5,1,6,1,4,1,4,3,6,3,6,3,4,11,11,7,5,4,11,3,9,12,9,5,27,8,16,11,16,19,13,18,23,24,31,37,36,50,Asia
Iran,0,2,4,0,4,1,4,2,4,6,4,3,15,9,2,2,3,1,4,2,7,2,0,4,7,4,5,2,7,6,5,1,1,1,3,2,4,3,5,4,4,8,25,22,41,70,80,55,32,63,77,Middle East
Iraq,0,0,0,0,0,0,0,0,0,0,0,0,0,0,0,1,0,1,1,5,0,1,6,3,3,1,0,0,0,0,0,0,1,0,1,0,1,1,0,1,0,1,0,1,0,0,0,3,2,4,1,Middle East
Ireland,0,30,27,29,44,44,33,26,39,36,34,51,55,42,40,43,63,48,47,56,75,83,91,103,99,130,116,103,104,149,131,114,138,228,252,362,366,440,368,403,516,483,648,709,704,796,829,947,1039,1068,1295,Europe
Isle Of Man,0,0,0,0,0,0,0,0,0,0,0,0,0,0,0,0,0,0,0,0,0,0,0,0,0,0,0,0,0,0,0,0,0,0,0,0,0,0,0,0,0,1,0,0,0,2,4,16,20,10,14,Europe
Israel,94,86,64,73,87,90,120,143,155,165,158,175,206,202,235,253,317,316,307,376,377,427,503,490,624,608,633,780,803,1040,1072,1042,1198,1442,2009,2509,2710,2645,2539,2693,3157,3657,4410,4550,4727,5149,5436,6455,7237,7352,7882,Middle East
Italy,811,849,866,960,1031,1105,1160,1162,1128,1192,1164,1230,1224,1328,1480,1501,1384,1500,1411,1636,1628,1799,1822,1943,1964,2093,2123,2288,1906,1998,2128,2062,2119,2313,2577,2704,2967,2980,3011,2997,2993,3274,3376,3805,3940,4156,4282,4516,4580,4764,4839,Europe
Ivory Coast (Cote D'Ivoire),0,0,0,0,0,0,0,0,0,1,1,0,0,0,0,1,0,1,1,1,1,0,0,0,0,0,0,0,0,0,0,0,0,0,1,0,0,1,0,0,0,0,0,0,0,0,0,0,0,0,0,Africa
Jamaica,0,2,4,4,4,1,0,0,1,4,3,1,6,4,1,1,0,2,2,2,3,2,0,1,0,0,3,1,3,1,3,3,0,4,4,2,1,2,4,4,4,3,5,12,10,5,5,14,9,10,14,Caribbean
Japan,2263,2479,3354,4051,5430,6093,7418,6831,8565,9163,8566,9365,9674,10189,11185,12951,14009,16068,15998,18473,21431,22895,24516,28357,31791,34113,36846,38633,34816,37768,39872,39510,41767,45260,47821,52891,61238,58739,60350,64812,71994,76839,78794,82396,81982,84017,85184,88686,84967,86691,86359,Asia
Jersey,0,0,0,0,0,0,0,0,0,0,0,0,0,0,0,0,0,0,0,0,0,0,0,0,0,0,0,0,0,0,0,0,0,0,0,0,0,0,0,0,0,1,0,0,0,10,5,13,6,11,14,Europe
Jordan,1,0,0,1,1,1,0,0,0,0,0,1,0,0,0,0,1,0,1,0,3,0,1,0,2,2,3,0,0,2,4,4,0,2,4,1,5,2,5,6,2,11,15,5,12,7,14,20,24,19,26,Middle East
Kazakhstan,0,0,0,0,0,0,0,0,0,0,0,0,0,0,0,0,0,0,0,0,0,0,0,0,0,0,0,1,0,1,0,1,1,5,4,3,1,1,3,2,4,1,2,1,4,7,4,8,11,9,14,Asia
Kenya,0,1,4,0,1,2,0,0,5,2,2,0,2,2,1,0,0,0,1,1,0,0,0,0,0,4,2,3,1,3,2,0,1,1,5,5,10,10,15,8,5,10,8,2,5,4,11,10,9,7,21,Africa
Korea,1,5,2,4,11,13,4,19,13,0,0,0,0,0,0,0,0,0,0,0,0,0,0,0,0,0,0,0,0,0,0,0,0,0,0,0,0,0,0,0,0,0,0,0,0,0,0,0,0,0,0,Asia
"Korea, North",0,0,0,0,0,0,0,0,0,0,0,0,0,0,3,5,3,3,4,2,3,2,12,14,12,25,6,4,0,0,0,0,0,0,0,0,0,0,0,0,0,0,2,1,1,0,0,0,0,0,0,Asia
"Korea, South",0,0,0,0,0,0,0,0,0,22,20,27,28,34,34,33,64,68,78,74,129,162,235,295,607,775,1321,1471,1624,2354,2820,4248,4920,5452,5033,5705,6719,7937,10411,13646,17217,21685,22976,23584,23950,26040,27289,29481,33499,36744,38205,Asia
Kuwait,0,0,0,0,1,0,0,0,0,2,0,0,0,2,0,1,3,0,0,3,5,4,5,2,9,4,1,2,2,0,5,2,11,8,9,10,9,9,5,19,19,34,25,22,38,56,86,97,116,85,82,Middle East
Kyrgyzstan,0,0,0,0,0,0,0,0,0,0,0,0,0,0,0,0,0,0,0,0,0,0,0,0,0,0,0,0,0,0,1,0,0,1,1,0,0,0,0,0,1,0,0,0,0,0,0,0,1,0,0,Asia
Latvia,0,0,0,0,0,0,0,0,0,0,0,0,0,0,0,0,0,0,0,0,0,0,0,0,0,0,0,0,0,0,0,2,1,5,2,3,4,3,3,10,5,6,8,7,13,13,9,10,13,16,15,Europe
Lebanon,0,6,3,0,6,0,2,2,6,3,3,1,1,2,4,2,1,1,8,0,0,1,3,0,1,1,1,1,2,1,1,4,3,2,5,9,7,9,2,4,8,13,8,12,14,11,15,20,20,22,21,Middle East
Lesotho,0,0,0,0,0,0,0,0,0,0,0,0,0,0,0,0,0,0,0,0,0,0,0,0,0,0,0,0,0,0,0,0,1,0,0,0,0,0,0,0,0,0,0,0,0,0,0,0,1,0,0,Africa
Libya,0,0,0,0,0,5,0,0,0,0,0,1,0,1,0,0,0,0,0,0,0,0,0,0,0,0,0,0,0,0,0,0,0,0,0,0,0,0,0,0,0,0,0,0,1,0,0,0,0,0,0,Africa
Liberia,1,0,0,0,2,0,0,0,0,0,1,0,0,0,1,0,0,0,0,0,0,0,0,0,0,0,0,0,0,0,0,0,1,0,0,0,0,0,0,0,0,0,0,0,0,0,0,1,0,2,0,Africa
Liechtenstein,24,18,13,13,27,25,23,11,20,20,28,13,15,20,10,29,18,10,17,21,11,15,12,11,15,13,14,19,13,15,13,17,19,24,26,28,29,34,32,21,23,24,31,39,35,37,48,46,36,54,33,Europe
Lithuania,0,0,0,0,0,0,0,0,0,0,0,0,0,0,0,0,0,0,0,0,0,0,0,0,0,0,0,0,1,2,3,0,3,2,4,4,5,1,10,17,6,7,11,14,9,20,10,18,25,32,39,Europe
Luxembourg,7,5,0,0,14,16,11,14,26,21,17,23,28,28,34,23,51,45,49,41,29,40,31,39,35,32,36,39,35,39,20,31,32,36,59,57,61,69,60,72,51,70,104,86,69,90,128,84,87,88,106,Europe
Macedonia,0,0,0,0,0,0,0,0,0,0,0,0,0,0,0,0,0,0,0,0,0,0,0,0,0,0,0,0,0,0,1,0,0,0,0,3,2,0,0,3,1,1,0,0,1,0,0,2,1,3,0,Europe
Madagascar,0,0,0,0,0,0,0,0,0,0,0,0,0,2,0,0,0,0,0,0,0,0,0,0,0,0,0,0,0,0,0,0,0,1,1,2,0,0,0,0,0,0,1,0,0,0,0,1,0,1,1,Africa
Malagasy,0,0,0,0,0,0,0,0,0,0,0,1,1,0,0,0,0,0,0,0,0,0,0,0,0,0,0,0,0,0,0,0,0,0,0,0,0,0,0,0,0,0,0,0,0,0,0,0,0,0,0,Africa
Malawi,0,0,0,0,0,0,0,0,0,0,0,0,0,0,1,0,0,0,0,0,0,0,0,0,0,0,0,0,0,0,0,0,0,0,0,0,0,0,0,0,0,0,0,0,0,0,0,0,1,0,0,Africa
Malaysia,0,0,2,0,0,2,1,0,2,4,10,8,3,2,1,5,5,4,2,6,8,4,6,6,14,11,22,16,20,37,30,30,61,41,76,104,116,142,237,326,323,379,337,297,328,373,381,391,506,535,471,Asia
Mali,0,2,0,0,1,0,0,0,0,0,0,0,1,0,0,0,0,0,0,0,0,0,0,1,0,1,0,0,0,0,0,1,0,0,0,0,0,0,0,0,0,0,0,0,0,0,0,0,0,0,2,Africa
Malta,0,0,0,0,0,1,0,0,0,0,0,0,0,0,1,0,0,1,1,0,0,0,0,1,0,1,1,3,2,1,1,3,0,3,0,3,4,4,3,2,8,10,8,10,10,9,4,12,10,16,21,Europe
Marshall Islands,0,0,0,0,0,0,0,0,0,0,0,0,0,0,0,0,1,0,1,0,0,0,0,0,0,0,0,0,1,0,0,1,0,0,0,0,1,0,0,0,0,0,0,0,0,0,0,0,0,0,0,Oceania
Martinique,0,0,0,0,0,0,0,0,0,0,0,0,0,0,1,0,0,0,0,0,0,0,0,0,0,0,0,0,0,0,0,0,0,0,0,0,0,0,0,0,0,0,0,0,0,0,0,0,1,0,0,Caribbean
Mauritania,0,0,0,0,0,0,0,0,0,2,0,0,0,2,0,0,0,0,0,0,0,0,0,0,0,0,0,0,0,0,0,0,0,0,0,0,0,0,0,0,0,0,0,0,0,0,0,0,0,0,0,Africa
Mauritius,0,0,0,0,0,0,0,0,0,0,0,0,0,0,1,0,0,0,0,0,0,1,1,0,0,0,1,1,1,0,0,0,1,1,0,0,1,0,2,0,0,0,2,1,2,0,1,0,0,0,1,Africa
Mexico,83,97,78,177,74,73,87,98,130,108,127,110,89,92,82,77,99,70,73,77,81,69,70,74,77,76,106,105,82,105,99,97,110,141,147,190,196,157,185,179,180,213,212,248,220,295,306,355,357,481,593,North America
Moldova,0,0,0,0,0,0,0,0,0,0,0,0,0,0,0,0,0,0,0,0,0,0,0,0,0,0,0,0,0,1,0,0,0,0,0,2,2,2,1,1,0,1,2,0,2,1,0,0,2,1,3,Europe
Monaco,3,5,2,1,7,2,0,4,12,4,10,10,8,11,12,7,9,8,5,5,7,5,3,11,3,4,3,8,6,3,6,12,10,13,21,26,20,26,23,20,12,14,11,14,23,28,41,25,34,41,27,Europe
Mongolia,0,0,0,0,0,0,0,0,0,0,0,0,0,0,0,0,0,0,0,0,0,0,0,0,0,0,0,0,0,1,0,0,0,0,0,0,0,0,0,0,0,0,0,0,0,1,3,1,1,0,1,Asia
Montenegro,0,0,0,0,0,0,0,0,0,0,0,0,0,0,0,0,0,0,0,0,0,0,0,0,0,0,0,0,0,0,0,0,0,0,0,0,0,0,0,0,0,0,0,0,0,0,0,0,1,1,0,Europe
Montserrat,0,0,0,0,0,0,0,0,0,0,0,0,0,0,0,0,0,0,0,0,0,0,0,0,0,0,0,0,1,1,1,0,0,0,0,0,0,0,0,0,0,0,0,0,0,0,0,0,0,0,0,Caribbean
Morocco,5,4,1,0,0,1,0,0,2,2,3,2,3,1,0,2,2,1,3,2,0,3,0,1,0,0,1,3,4,1,1,5,3,1,3,4,0,2,4,1,3,2,6,7,6,2,4,4,2,1,8,Africa
Mozambique,0,0,0,0,0,0,0,0,0,0,0,0,0,0,0,0,0,0,0,0,0,0,0,0,0,0,0,0,0,0,0,0,0,0,0,0,0,0,0,1,0,0,0,0,0,0,0,0,0,0,0,Africa
Myanmar,0,0,0,0,0,0,0,0,0,0,0,0,0,0,0,0,0,0,0,0,0,0,0,0,0,0,0,0,0,0,0,1,0,0,0,0,0,0,0,0,0,0,0,0,0,0,0,0,0,0,0,Asia
Namibia,0,0,0,0,0,0,0,0,0,0,0,0,0,0,3,0,0,0,0,0,0,0,0,0,0,0,0,0,0,1,0,0,1,0,0,0,0,0,0,0,0,1,0,1,0,1,1,11,0,4,4,Africa
Nauru,0,0,0,0,0,0,0,0,0,0,0,0,0,0,0,1,0,0,0,0,0,0,0,0,0,0,0,0,0,0,0,0,0,0,0,0,0,0,0,0,0,0,0,0,0,0,0,0,0,0,0,Oceania
Nepal,0,0,0,0,0,0,0,0,0,0,0,0,0,0,0,0,0,1,0,0,1,1,0,0,0,0,0,0,0,0,0,0,0,0,0,0,0,0,0,0,0,0,0,0,2,0,2,2,0,1,1,Asia
Netherlands,690,652,711,790,899,886,1017,916,1047,985,1040,990,1026,1028,983,1025,1077,1077,1087,1179,1221,1269,1334,1512,1570,1588,1397,1547,1472,1455,1570,1559,1726,1816,2058,2289,2712,2602,2257,3052,3188,3823,3946,3883,4203,4463,4418,4303,4467,4927,5113,Europe
Netherlands Antilles,0,0,0,0,0,0,0,0,0,0,0,0,0,0,0,0,1,0,0,0,0,0,0,0,0,0,0,0,1,1,0,0,0,1,1,0,0,0,1,0,1,2,1,1,1,2,0,0,0,0,0,North America
New Caledonia,0,0,0,0,0,0,0,0,0,0,0,0,0,0,0,0,0,0,0,0,0,0,0,1,0,0,0,0,0,0,0,0,0,0,0,0,0,3,0,0,0,0,0,0,0,0,0,0,0,1,1,Oceania
(Papua) New Guinea,0,0,1,0,0,0,0,0,0,0,0,0,0,0,0,0,1,0,0,0,0,0,0,0,0,0,0,0,0,0,0,0,0,1,0,0,0,0,0,0,0,0,0,0,0,0,0,0,0,0,0,Europe
New Hebrides,0,0,0,0,0,0,0,0,0,0,0,0,0,0,0,3,0,0,0,0,0,0,0,0,0,0,0,0,0,0,0,0,0,0,0,0,0,0,0,0,0,0,0,0,0,0,0,0,0,0,0,Oceania
New Zealand,27,20,22,22,34,38,54,49,56,66,62,86,100,99,94,119,119,87,101,128,121,135,132,110,121,105,91,107,85,130,137,174,174,187,240,279,318,375,387,346,352,415,455,438,555,541,517,555,614,637,690,Oceania
Nicaragua,2,1,0,0,0,2,0,0,0,4,1,2,2,1,4,0,0,0,0,0,0,0,0,0,0,0,1,0,1,0,1,0,1,0,0,0,1,0,0,0,0,0,0,0,0,0,0,1,2,1,1,North America
Niger,0,0,0,0,0,0,0,0,0,0,0,0,0,0,0,0,0,0,0,0,0,2,0,0,0,0,0,0,0,0,0,0,0,0,0,0,0,0,0,0,0,0,0,0,1,0,0,0,0,0,0,Africa
Nigeria,1,1,1,0,2,0,0,0,0,4,3,4,2,4,4,3,0,0,0,3,0,1,0,1,1,2,3,2,2,1,1,2,4,0,1,6,6,4,2,2,3,3,3,1,4,7,4,0,7,7,6,Africa
Niue,0,0,0,0,0,0,0,0,0,0,0,0,0,0,0,1,0,0,0,0,0,0,1,0,0,0,0,0,0,0,0,0,0,0,0,0,0,0,0,0,0,0,0,0,0,0,0,0,0,0,0,Oceania
Norfolk Island,0,0,0,0,0,0,0,0,0,0,0,0,0,0,0,0,0,0,0,1,3,0,0,0,0,0,0,0,0,0,0,0,0,0,0,0,1,0,0,0,0,0,0,0,0,0,0,0,0,0,0,Oceania
Norway,96,63,90,95,107,130,146,115,131,156,156,137,165,172,152,104,133,152,108,153,160,177,185,159,141,164,169,212,190,203,243,227,303,337,415,447,475,531,449,525,541,562,693,827,905,936,977,1102,1169,1166,1111,Europe
Oman,0,0,0,0,0,0,0,0,0,0,0,0,0,0,0,0,0,0,0,0,0,0,0,0,0,0,1,1,0,0,0,0,0,0,0,0,0,3,2,0,5,3,0,6,2,7,4,8,1,9,4,Middle East
Pakistan,2,1,0,1,0,2,0,0,1,3,1,0,0,1,0,4,1,4,0,2,1,1,3,2,1,0,0,2,1,0,3,2,7,2,2,7,6,4,3,4,7,13,15,13,9,18,32,12,48,36,37,Asia
Palau,0,0,0,0,0,0,0,0,0,0,0,0,0,0,0,0,0,0,0,0,0,0,0,0,0,0,0,0,0,0,0,0,0,0,0,0,0,1,0,0,0,0,0,0,0,0,0,0,0,0,0,Oceania
Panama,1,0,0,0,4,4,0,3,5,5,3,2,3,3,1,2,1,0,2,4,1,2,1,0,1,4,1,1,4,4,8,4,2,7,5,6,6,2,14,1,6,5,9,6,8,1,6,6,6,12,11,North America
Paraguay,0,0,0,0,2,1,0,0,0,1,0,1,1,0,1,1,1,1,0,1,0,1,1,0,0,0,0,0,0,0,0,1,2,1,1,1,0,0,0,1,0,1,0,0,0,0,0,1,3,1,1,South America
Peru,16,4,7,7,7,4,5,5,9,7,7,8,4,2,1,2,4,1,2,2,3,5,6,9,7,7,1,4,5,6,5,4,3,6,5,5,8,8,8,5,2,2,3,6,7,9,10,7,8,10,23,South America
Philippines,2,12,4,9,13,17,12,8,11,11,17,22,15,16,8,17,16,27,15,10,15,10,11,14,13,9,10,10,9,7,12,9,15,13,20,32,51,58,42,82,65,69,81,69,55,80,79,64,85,123,126,Asia
Poland,27,50,48,55,59,45,51,35,50,61,47,59,68,68,83,65,49,25,21,44,13,19,23,26,24,13,21,16,27,20,19,22,19,19,31,33,39,46,59,101,102,98,74,133,135,185,197,307,377,463,507,Europe
Portugal,18,11,12,15,13,10,9,7,10,12,10,7,3,1,8,7,6,5,6,8,9,13,15,7,9,6,3,11,9,14,10,16,12,17,28,17,28,27,20,30,33,42,57,84,91,111,91,118,133,145,163,Europe
Qatar,0,0,0,0,0,0,0,0,0,0,0,0,0,0,0,0,0,0,0,0,0,0,0,0,0,0,0,0,0,0,0,0,0,1,0,0,0,1,2,3,0,1,3,1,5,6,15,19,18,53,39,Middle East
"Rhodesia, South",1,0,0,0,0,0,0,0,0,0,0,0,0,3,0,3,0,0,0,0,0,0,0,0,0,0,0,0,0,0,0,0,0,0,0,0,0,0,0,0,0,0,0,0,0,0,0,0,0,0,0,Africa
Rhodesia,0,3,3,1,2,4,0,0,3,9,6,1,2,0,0,0,1,0,0,0,0,0,0,0,0,0,0,0,0,0,0,0,0,0,0,0,0,0,0,0,0,0,0,0,0,0,0,0,0,0,0,Africa
Romania,15,15,45,53,59,45,53,65,29,42,29,20,22,30,17,9,13,8,7,6,4,2,3,0,2,1,1,2,5,4,7,5,12,11,8,12,14,8,11,16,18,29,48,44,62,82,93,94,124,147,165,Europe
Russian Federation,0,0,0,0,0,0,0,0,0,0,2,0,0,0,0,0,0,0,0,0,0,0,0,0,0,0,0,183,153,206,221,254,249,273,388,382,433,377,341,334,366,412,444,547,522,606,719,888,959,1007,991,Asia
Samoa,0,0,0,0,0,0,0,0,0,0,0,0,0,0,0,0,0,0,0,0,0,0,0,0,0,0,0,0,0,0,0,0,0,0,0,0,0,0,0,0,1,0,0,5,1,1,0,0,0,0,1,Oceania
Saint Kitts And Nevis,0,0,0,0,0,0,0,0,0,0,0,0,0,0,0,0,0,0,0,0,0,0,0,0,0,0,0,0,0,0,0,0,0,0,0,0,0,0,0,0,0,0,0,0,0,0,0,1,1,0,0,Caribbean
San Marino,0,0,0,0,0,0,0,0,0,0,0,0,0,0,1,0,0,0,0,0,0,0,0,0,0,0,0,0,1,0,0,0,1,0,0,1,1,0,0,0,0,1,0,0,2,1,1,1,0,0,3,Europe
Saudi Arabia,0,3,4,1,5,0,0,0,6,2,5,3,1,4,1,3,3,13,8,8,1,9,15,12,12,8,12,11,17,23,24,19,17,26,11,28,26,37,32,37,38,62,64,111,147,317,326,465,649,650,794,Middle East
Senegal,0,0,0,0,5,0,0,0,0,0,1,0,1,2,2,0,0,1,1,0,0,0,0,0,0,1,0,1,0,0,0,1,0,0,0,0,0,0,0,0,0,0,0,0,0,0,0,0,0,0,0,Africa
Serbia,0,0,0,0,0,0,0,0,0,0,0,0,0,0,0,0,0,0,0,0,0,0,0,0,0,0,0,0,0,0,0,0,0,0,0,0,0,0,0,0,0,10,13,14,10,25,22,20,28,40,35,Europe
Serbia & Montenegro,0,0,0,0,0,0,0,0,0,0,0,0,0,0,0,0,0,0,0,0,0,0,0,0,0,0,0,0,0,0,0,0,0,0,0,0,0,0,0,7,4,0,0,0,0,0,0,0,0,0,0,Europe
Seychelles,0,0,0,0,0,0,0,0,0,0,0,0,0,0,0,0,0,0,0,0,0,0,0,0,0,0,0,0,0,0,0,0,0,0,0,0,1,0,3,2,1,0,1,0,1,2,7,4,10,6,3,Africa
Sierra Leone,0,0,0,0,0,0,0,0,0,0,0,0,0,0,0,0,0,0,0,0,0,0,0,0,0,0,0,0,0,0,1,0,0,0,0,0,0,0,0,0,0,0,0,0,0,0,0,0,0,0,0,Africa
Singapore,0,4,0,0,2,0,5,6,4,3,5,7,7,6,9,6,5,6,11,9,19,17,17,17,37,36,63,89,104,134,144,176,213,336,460,632,786,807,771,879,919,1143,1188,1266,1225,1540,1564,1688,1722,1869,1833,Asia
Sint Martin,0,0,0,0,0,0,0,0,0,0,0,0,0,0,0,0,0,0,0,0,0,0,0,0,0,0,0,0,0,0,0,0,0,0,0,0,0,0,0,0,0,0,0,0,0,0,0,0,1,0,0,North America
Slovakia,0,0,0,0,0,0,0,0,0,0,0,0,0,0,0,0,0,0,0,0,0,0,0,0,0,0,0,0,0,13,7,2,3,6,5,10,6,8,5,12,16,20,27,29,30,41,29,40,46,51,63,Europe
Slovenia,0,0,0,0,0,0,0,0,0,0,0,0,0,0,0,0,0,0,0,0,0,0,0,0,0,0,0,8,19,11,13,19,24,29,21,27,20,36,38,50,43,50,63,68,76,107,87,82,98,103,86,Europe
Solomon Islands,0,0,0,0,0,0,0,0,0,0,0,0,0,0,0,0,0,0,0,0,0,0,0,1,1,0,0,0,0,1,0,0,0,0,0,0,0,0,0,0,0,0,0,0,0,0,0,0,0,0,0,Oceania
South Africa,99,83,101,102,115,98,149,145,165,152,179,149,169,175,206,203,213,199,207,216,227,204,239,192,215,185,186,207,246,238,187,189,174,211,179,209,231,241,224,246,197,231,252,265,318,320,339,318,415,375,352,Africa
South Georgia,0,0,0,0,0,0,0,0,0,0,0,0,0,0,0,0,0,0,0,0,0,0,0,0,0,0,0,0,0,0,1,0,0,0,0,0,0,0,0,0,0,0,0,0,0,0,0,0,0,0,0,Asia
South-West Africa,0,0,0,0,15,0,0,0,0,6,7,0,1,2,0,0,0,0,0,0,0,0,0,0,0,0,0,0,0,0,0,0,0,0,0,0,0,0,0,0,0,0,0,0,0,0,0,0,0,0,0,Africa
Spain,93,116,106,133,145,123,156,138,204,175,182,172,152,144,163,142,147,159,157,196,207,225,228,231,302,289,258,313,269,315,357,359,370,409,464,549,601,564,606,696,701,844,966,1216,1162,1422,1501,1641,1707,1640,1671,Europe
Sri Lanka,0,0,0,0,0,0,0,2,0,0,0,1,1,0,0,0,0,0,0,0,0,2,0,0,0,3,2,0,1,3,1,0,2,2,0,6,1,3,3,4,6,8,11,12,6,9,10,11,16,11,11,Asia
St. Kitts/Nevis,0,0,0,0,0,0,0,0,0,0,0,0,0,0,0,0,0,0,0,0,0,0,0,0,0,0,0,0,0,1,0,0,1,0,1,2,2,2,7,0,0,1,0,0,0,0,0,0,0,0,0,North America
St. Lucia,0,0,0,0,0,0,0,0,0,0,0,0,0,0,0,0,0,0,0,0,0,0,0,0,0,0,0,0,0,0,0,0,0,1,0,0,1,1,0,0,0,0,0,0,0,0,0,0,0,0,0,North America
St. Vincent/Grenadines,0,0,0,0,0,0,0,0,0,0,0,0,0,0,0,0,0,0,0,0,0,0,0,0,0,0,0,1,1,0,0,0,0,0,0,0,0,0,0,0,0,0,0,0,0,0,0,0,0,0,0,North America
Sudan,1,0,0,0,2,0,0,0,1,0,1,1,0,2,0,0,0,0,0,0,0,0,0,0,0,0,0,0,0,0,0,0,0,0,0,0,0,0,0,0,0,0,0,0,0,0,0,0,0,0,1,Africa
Suriname,0,0,0,0,0,0,0,0,0,0,0,0,0,0,0,0,0,0,0,0,0,0,0,0,0,0,0,0,0,0,0,0,1,0,1,0,0,0,0,0,0,0,0,0,0,0,0,0,0,0,0,South America
Swaziland,0,0,0,0,0,0,0,0,0,0,0,0,0,0,2,1,0,0,0,0,0,0,1,0,0,1,0,1,1,0,6,9,11,0,0,0,0,0,0,0,0,0,0,0,0,0,0,0,0,1,0,Africa
Sweden,833,858,825,941,1070,957,1148,1078,1335,1357,1359,1251,1253,1221,1137,1207,1191,1144,1181,1306,1239,1229,1155,1028,1114,1057,1086,1072,1157,1405,1500,1481,1980,2359,2570,2825,2827,2410,2314,2270,2243,2680,3164,3265,3515,3840,4140,4390,4509,4928,5159,Europe
Switzerland,1377,1399,1513,1551,1698,1770,1848,1963,2076,2057,2131,2053,1964,2056,1836,1975,1828,1820,1716,1808,1894,1929,1857,1993,2019,1931,1902,1922,1759,1852,1917,1609,1637,1875,2144,2233,2337,2338,2275,2316,2447,2773,3079,3353,3508,4017,4086,4394,4747,4906,5118,Europe
Syria,0,0,0,0,0,0,0,0,0,0,0,0,0,0,0,0,0,1,1,0,2,1,0,0,1,1,0,0,1,0,0,1,1,2,6,1,1,3,3,1,2,0,0,1,2,0,4,2,1,0,3,Middle East
Taiwan,8,16,13,3,19,27,28,40,66,102,113,127,174,243,262,367,394,509,530,601,760,959,1182,1246,1507,2035,2252,2667,2874,3560,4054,4766,5492,7412,9411,9046,11086,12488,13786,15057,16617,19301,18486,18001,18661,20151,19633,20270,21262,20201,19471,Asia
Tajikistan,0,0,0,0,0,0,0,0,0,0,0,0,0,0,0,0,0,0,0,0,0,0,0,0,0,0,0,0,0,0,0,0,0,0,0,0,0,0,0,0,0,0,0,0,0,0,0,0,1,0,0,Asia
Tanzania,0,0,1,0,2,1,0,0,0,0,0,0,0,0,0,0,1,0,0,0,0,0,0,0,0,0,1,0,0,0,0,0,1,0,0,1,0,0,1,0,0,0,0,0,0,0,0,0,0,1,1,Africa
Thailand,1,0,0,1,3,0,14,0,2,2,4,0,1,4,3,1,5,3,5,4,5,7,8,4,3,8,4,11,15,19,21,20,21,26,41,92,70,61,60,69,68,71,99,96,94,108,127,134,167,155,150,Asia
Trinidad & Tobago,0,0,0,0,1,0,2,3,1,2,4,8,7,3,4,0,1,3,1,2,1,2,6,5,0,2,1,1,3,2,1,0,1,0,2,5,2,1,3,2,4,2,10,7,7,10,11,7,12,5,10,Caribbean
Tunisia,0,0,0,0,0,0,0,0,0,0,1,2,1,4,3,3,2,1,1,0,0,0,1,1,1,1,0,2,0,1,0,0,0,0,1,0,1,3,2,3,1,2,5,10,6,5,4,12,16,13,14,Africa
Turkey,5,4,3,1,6,5,3,3,4,6,3,9,2,3,6,3,2,8,1,6,11,4,5,7,3,6,3,2,3,5,6,7,10,16,29,28,28,36,28,48,46,71,66,85,85,150,184,197,203,306,320,Asia
Turkmenistan,0,0,0,0,0,0,0,0,0,0,0,0,0,0,0,0,0,0,0,0,0,0,0,0,0,0,0,0,0,0,0,0,0,0,0,0,0,0,0,0,0,0,0,1,0,0,1,0,0,1,0,Asia
Turks And Caicos Islands,0,0,0,0,0,0,0,0,0,0,0,0,0,0,0,0,0,0,0,0,0,0,0,0,0,0,0,0,0,1,1,0,0,0,0,3,6,6,6,4,1,3,5,1,1,2,0,1,1,3,1,Caribbean
Uganda,0,0,1,0,2,1,0,0,0,1,0,0,0,0,0,0,0,0,0,0,0,0,6,0,0,0,0,3,2,0,1,0,1,2,2,0,0,0,0,0,0,0,0,0,0,0,0,2,0,0,0,Africa
Ukraine,0,0,0,0,0,0,0,0,0,0,0,0,0,0,0,0,0,0,0,0,0,0,0,0,0,0,0,4,16,14,17,18,24,28,22,40,32,43,45,38,37,41,40,45,66,64,104,124,135,131,138,Europe
United Arab Emirates,0,0,0,0,0,0,0,0,0,0,0,0,0,0,0,0,0,0,2,0,0,1,0,2,4,3,1,2,0,2,2,2,3,3,4,7,2,6,12,17,16,24,25,34,44,52,61,98,135,123,166,Middle East
United Arab Rep.,2,1,0,17,0,0,0,0,0,0,0,0,0,0,0,0,0,0,0,0,0,0,0,0,0,0,0,0,0,0,0,0,0,0,0,0,0,0,0,0,0,0,0,0,0,0,0,0,0,0,0,Middle East
United Kingdom,4479,4238,4597,4660,5216,4746,4734,4811,4914,5109,4568,4529,4533,4468,4270,4178,4294,4351,4138,4370,3825,4641,4898,4788,5066,4959,4557,4587,4414,4856,5202,4791,5147,6110,6948,7523,8362,8391,7700,7792,7962,8342,9164,9771,10568,11038,11279,12457,12807,13157,13296,Europe
Upper Volta,0,0,0,0,0,0,0,0,0,0,0,0,0,0,1,0,0,0,0,0,0,0,0,0,0,0,0,0,0,0,0,0,0,0,0,0,0,0,0,0,0,0,0,0,0,0,0,0,0,0,0,Africa
Ussr,215,112,427,329,438,445,578,653,752,728,696,675,610,623,494,338,417,331,194,146,145,158,174,216,291,304,177,0,54,21,11,9,2,1,1,0,0,0,0,0,0,0,0,0,0,0,0,0,0,0,0,Europe
Uruguay,1,1,2,1,7,3,5,2,1,1,4,1,3,1,2,2,3,3,4,0,2,1,0,4,5,5,2,3,8,6,6,1,4,1,3,4,7,8,11,9,16,11,9,23,21,19,16,22,24,15,17,South America
Uzbekistan,0,0,0,0,0,0,0,0,0,0,0,0,0,0,0,0,0,0,0,0,0,0,0,0,0,0,0,2,1,1,2,0,2,2,3,2,0,1,1,1,0,1,0,0,1,0,0,1,2,2,2,Asia
Vanuatu,0,0,0,0,0,0,0,0,0,0,0,0,0,0,0,0,0,0,0,0,0,0,0,0,0,0,0,0,0,0,0,0,0,0,0,0,0,0,0,0,0,0,0,4,0,2,1,3,1,0,1,Oceania
Vatican City,0,0,0,0,0,0,0,0,0,0,0,0,0,0,0,0,0,0,0,0,0,0,0,0,0,0,0,0,0,2,0,0,0,0,0,0,0,1,0,0,0,0,0,0,0,0,0,0,0,0,0,Europe
Venezuela,12,15,9,6,14,11,5,19,18,11,19,26,16,19,20,25,23,26,23,28,40,49,41,30,26,48,43,47,38,43,32,38,40,35,42,45,53,36,29,18,34,22,32,22,31,38,26,45,28,26,38,South America
Viet Nam,1,1,0,1,0,0,0,0,0,0,0,0,0,0,0,1,0,0,0,0,0,0,0,0,0,0,0,0,0,1,0,0,2,1,1,0,1,0,2,6,3,5,6,10,1,9,13,12,18,32,32,Asia
"Viet Nam, South",0,0,0,0,0,0,0,2,0,1,1,0,0,0,0,0,0,0,0,0,0,0,0,0,0,0,0,0,0,0,0,0,0,0,0,0,0,0,0,0,0,0,0,0,0,0,0,0,0,0,0,Asia
West Africa,0,0,1,0,0,0,0,0,0,0,0,0,0,0,0,0,0,0,0,0,0,0,0,0,0,0,0,0,0,0,0,0,0,0,0,0,0,0,0,0,0,0,0,0,0,0,0,0,0,0,0,Africa
West Bank/Gaza,0,0,0,0,0,0,0,0,0,0,0,0,0,0,0,0,0,0,0,0,0,0,0,0,0,0,0,0,0,0,0,0,0,0,0,0,0,0,0,0,0,1,0,0,0,0,0,1,0,4,2,Asia
Yemen,0,0,0,0,0,0,0,0,0,0,0,0,0,0,0,0,0,0,0,0,0,0,0,0,0,0,0,0,1,0,1,1,0,0,0,0,0,0,0,0,0,0,0,0,0,0,0,0,0,0,2,Middle East
Yugoslavia,10,7,17,17,12,14,10,20,17,15,16,17,21,25,34,21,28,24,20,11,22,28,35,35,39,34,30,28,10,6,8,3,7,7,4,6,2,7,11,0,0,0,0,0,0,0,0,0,0,0,0,Europe
Zaire,0,0,0,0,0,0,0,0,0,0,0,0,0,0,0,0,0,0,0,0,0,0,1,0,0,1,0,0,0,0,1,0,0,0,0,0,0,0,0,0,0,0,0,0,0,0,0,0,0,0,0,Africa
Zambia,0,0,3,0,3,3,0,2,1,0,0,0,0,0,0,0,0,2,2,0,0,1,0,0,0,0,0,0,0,0,0,0,0,0,0,0,0,0,0,0,0,0,0,0,0,0,0,0,0,0,0,Africa
Zimbabwe,0,0,0,0,0,0,0,0,0,0,0,0,0,0,0,0,0,0,0,0,6,1,4,2,2,3,1,1,0,1,0,0,1,1,2,0,2,2,3,2,0,1,1,2,2,0,2,2,1,0,0,Africa
Other Foreign,0,0,0,0,0,0,0,0,0,0,0,0,0,0,0,0,0,0,0,0,0,1,3,2,1,0,0,0,0,0,0,0,7,0,0,0,0,0,0,0,0,0,0,0,0,0,0,0,0,0,0,Total
Total Foreign,22312,21670,24046,26291,30507,30832,33640,33355,37144,38445,36569,37294,38068,39475,39959,42231,44009,46309,44313,49443,53132,56946,59602,64633,70380,73915,76351,80650,74788,82624,88419,88295,94812,107579,120362,131131,148997,150200,153500,167407,182866,204183,214807,224733,231194,248249,255832,274033,283781,293706,301075,Total
U.S.,72317,66855,61651,67180,68243,72343,71089,65943,66935,64093,64445,65050,62863,61441,60535,62098,62404,63316,59390,61841,63874,65487,68315,75192,82370,90643,87955,92425,99955,107233,123958,106892,120445,135483,149825,164795,177511,184245,188941,189536,207867,221784,241347,231588,224912,241977,247750,268782,287831,285096,288335,Total
Total,94629,88525,85697,93471,98750,103175,104729,99298,104079,102538,101014,102344,100931,100916,100494,104329,106413,109625,103703,111284,117006,122433,127917,139825,152750,164558,164306,173075,174743,189857,212377,195187,215257,243062,270187,295926,326508,334445,342441,356943,390733,425967,456154,456321,456106,490226,503582,542815,571612,578802,589410,Total
